exit,2021_05_20_19_46
most_rented,2021_05_20_22_31
books_with_author,2021_05_20_22_35
exit,2021_05_20_22_40
most_rented,2021_05_22_11_41
exit,2021_05_22_12_00
most_rented,2021_05_22_12_09
most_rented,2021_05_22_13_29
most_rented,2021_05_22_14_59
most_rented,2021_05_22_15_21
books_with_author,2021_05_22_15_38
most_rented,2021_05_22_20_24
books_with_author,2021_05_22_20_32
books_by_section,2021_05_22_21_00
books_by_section,2021_05_22_21_23
books_by_section,2021_05_22_22_05
books_by_section,2021_05_22_23_16
books_by_section,2021_05_22_25_04
add_author,2021_05_22_25_37
add_book,2021_05_22_26_55
add_user,2021_05_22_27_18
rent_book,2021_05_22_27_38
rent_book,2021_05_22_31_34
rent_book,2021_05_22_32_04
rent_book,2021_05_22_32_12
rent_book,2021_05_22_32_26
rent_book,2021_05_22_32_38
rent_book,2021_05_22_33_19
return_book,2021_05_22_33_33
return_book,2021_05_22_33_52
return_book,2021_05_22_33_55
add_event,2021_05_22_34_16
participate_in_envent,2021_05_22_34_30
